时间段,部位,说明,建议活动,健康提示
01:00-03:00,肝胆,"肝胆经当令，解毒代谢最活跃的时间","保证充足睡眠，避免熬夜","熬夜会加重肝胆负担，影响第二天精神状态"
03:00-05:00,肺,"肺经当令，气血循环活跃，适合呼吸系统调理","深度睡眠中自然呼吸","早起后深呼吸练习，有益肺部健康"
05:00-07:00,大肠,"大肠经当令，排便最佳时间","起床后喝温水，养成定时排便习惯","便秘者可顺时针按摩腹部，促进肠道蠕动"
07:00-09:00,胃,"胃经当令，消化吸收能力最强","享用营养均衡的早餐","避免冷饮和生冷食物，保护胃气"
09:00-11:00,脾,"脾经当令，运化水湿，吸收营养","适合进行轻度办公和学习工作","避免过度思虑，久坐伤脾"
11:00-13:00,心,"心经当令，阳气最盛，血液循环最活跃","午休15-30分钟，养心安神","避免剧烈运动和情绪激动"
13:00-15:00,小肠,"小肠经当令，分清泌浊，吸收精华","午餐后慢走，帮助消化","避免暴饮暴食，给小肠减负"
15:00-17:00,膀胱,"膀胱经当令，排泄废物，排毒最佳时间","适量饮水，促进排尿排毒","憋尿会损伤膀胱功能，影响肾脏"
17:00-19:00,肾,"肾经当令，藏精固本，储存能量","适合进行轻松的社交活动","避免过度劳累，耗损肾气"
19:00-21:00,心包,"心包经当令，保护心脏，调节情绪","轻松的晚餐和家庭时间","晚餐宜清淡，避免过饱"
21:00-23:00,三焦,"三焦经当令，协调各脏腑功能","准备入睡，营造良好睡眠环境","避免睡前使用电子产品"
23:00-01:00,胆,"胆经当令，决断能力最强，胆汁分泌旺盛","进入深度睡眠，胆汁正常分泌","深夜进食会增加胆囊负担"